,Date,MT daily cases,NC daily cases,MT daily death,NC daily death,MT cumalative cases,NC cumalative cases,MT cumalative death,NC cumalative death
0,01/22/2020,0.0,0.0,0.0,0.0,0.0,0.0,0.0,0.0
1,01/23/2020,0.0,0.0,0.0,0.0,0.0,0.0,0.0,0.0
2,01/24/2020,0.0,0.0,0.0,0.0,0.0,0.0,0.0,0.0
3,01/25/2020,0.0,0.0,0.0,0.0,0.0,0.0,0.0,0.0
4,01/26/2020,0.0,0.0,0.0,0.0,0.0,0.0,0.0,0.0
5,01/27/2020,0.0,0.0,0.0,0.0,0.0,0.0,0.0,0.0
6,01/28/2020,0.0,0.0,0.0,0.0,0.0,0.0,0.0,0.0
7,01/29/2020,0.0,0.0,0.0,0.0,0.0,0.0,0.0,0.0
8,01/30/2020,0.0,0.0,0.0,0.0,0.0,0.0,0.0,0.0
9,01/31/2020,0.0,0.0,0.0,0.0,0.0,0.0,0.0,0.0
10,02/01/2020,0.0,0.0,0.0,0.0,0.0,0.0,0.0,0.0
11,02/02/2020,0.0,0.0,0.0,0.0,0.0,0.0,0.0,0.0
12,02/03/2020,0.0,0.0,0.0,0.0,0.0,0.0,0.0,0.0
13,02/04/2020,0.0,0.0,0.0,0.0,0.0,0.0,0.0,0.0
14,02/05/2020,0.0,0.0,0.0,0.0,0.0,0.0,0.0,0.0
15,02/06/2020,0.0,0.0,0.0,0.0,0.0,0.0,0.0,0.0
16,02/07/2020,0.0,0.0,0.0,0.0,0.0,0.0,0.0,0.0
17,02/08/2020,0.0,0.0,0.0,0.0,0.0,0.0,0.0,0.0
18,02/09/2020,0.0,0.0,0.0,0.0,0.0,0.0,0.0,0.0
19,02/10/2020,0.0,0.0,0.0,0.0,0.0,0.0,0.0,0.0
20,02/11/2020,0.0,0.0,0.0,0.0,0.0,0.0,0.0,0.0
21,02/12/2020,0.0,0.0,0.0,0.0,0.0,0.0,0.0,0.0
22,02/13/2020,0.0,0.0,0.0,0.0,0.0,0.0,0.0,0.0
23,02/14/2020,0.0,0.0,0.0,0.0,0.0,0.0,0.0,0.0
24,02/15/2020,0.0,0.0,0.0,0.0,0.0,0.0,0.0,0.0
25,02/16/2020,0.0,0.0,0.0,0.0,0.0,0.0,0.0,0.0
26,02/17/2020,0.0,0.0,0.0,0.0,0.0,0.0,0.0,0.0
27,02/18/2020,0.0,0.0,0.0,0.0,0.0,0.0,0.0,0.0
28,02/19/2020,0.0,0.0,0.0,0.0,0.0,0.0,0.0,0.0
29,02/20/2020,0.0,0.0,0.0,0.0,0.0,0.0,0.0,0.0
30,02/21/2020,0.0,0.0,0.0,0.0,0.0,0.0,0.0,0.0
31,02/22/2020,0.0,0.0,0.0,0.0,0.0,0.0,0.0,0.0
32,02/23/2020,0.0,0.0,0.0,0.0,0.0,0.0,0.0,0.0
33,02/24/2020,0.0,0.0,0.0,0.0,0.0,0.0,0.0,0.0
34,02/25/2020,0.0,0.0,0.0,0.0,0.0,0.0,0.0,0.0
35,02/26/2020,0.0,0.0,0.0,0.0,0.0,0.0,0.0,0.0
36,02/27/2020,0.0,0.0,0.0,0.0,0.0,0.0,0.0,0.0
37,02/28/2020,0.0,0.0,0.0,0.0,0.0,0.0,0.0,0.0
38,02/29/2020,0.0,0.0,0.0,0.0,0.0,0.0,0.0,0.0
39,03/01/2020,0.0,0.0,0.0,0.0,0.0,0.0,0.0,0.0
40,03/02/2020,0.0,0.0,0.0,0.0,0.0,0.0,0.0,0.0
41,03/03/2020,0.0,1.0,0.0,0.0,0.0,1.0,0.0,0.0
42,03/04/2020,0.0,1.0,0.0,0.0,0.0,2.0,0.0,0.0
43,03/05/2020,0.0,1.0,0.0,0.0,0.0,3.0,0.0,0.0
44,03/06/2020,0.0,1.0,0.0,0.0,0.0,4.0,0.0,0.0
45,03/07/2020,0.0,1.0,0.0,0.0,0.0,5.0,0.0,0.0
46,03/08/2020,0.0,1.0,0.0,0.0,0.0,6.0,0.0,0.0
47,03/09/2020,0.0,5.0,0.0,0.0,0.0,11.0,0.0,0.0
48,03/10/2020,0.0,1.0,0.0,0.0,0.0,12.0,0.0,0.0
49,03/11/2020,0.0,8.0,0.0,0.0,0.0,20.0,0.0,0.0
50,03/12/2020,0.0,8.0,0.0,0.0,0.0,28.0,0.0,0.0
51,03/13/2020,4.0,1.0,0.0,0.0,4.0,29.0,0.0,0.0
52,03/14/2020,2.0,15.0,0.0,0.0,6.0,44.0,0.0,0.0
53,03/15/2020,2.0,1.0,0.0,0.0,8.0,45.0,0.0,0.0
54,03/16/2020,2.0,7.0,0.0,0.0,10.0,52.0,0.0,0.0
55,03/17/2020,1.0,7.0,0.0,0.0,11.0,59.0,0.0,0.0
56,03/18/2020,3.0,1.0,0.0,0.0,14.0,60.0,0.0,0.0
57,03/19/2020,3.0,1.0,0.0,0.0,17.0,61.0,0.0,0.0
58,03/20/2020,4.0,1.0,0.0,0.0,21.0,62.0,0.0,0.0
59,03/21/2020,0.0,1.0,0.0,0.0,21.0,63.0,0.0,0.0
60,03/22/2020,7.0,72.0,1.0,0.0,28.0,135.0,1.0,0.0
61,03/23/2020,11.0,34.0,1.0,0.0,39.0,169.0,2.0,0.0
62,03/24/2020,6.0,103.0,1.0,0.0,45.0,272.0,3.0,0.0
63,03/25/2020,14.0,103.0,1.0,1.0,59.0,375.0,4.0,1.0
64,03/26/2020,24.0,127.0,1.0,1.0,83.0,502.0,5.0,2.0
65,03/27/2020,31.0,141.0,1.0,2.0,114.0,643.0,6.0,4.0
66,03/28/2020,27.0,166.0,1.0,1.0,141.0,809.0,7.0,5.0
67,03/29/2020,14.0,234.0,1.0,1.0,155.0,1043.0,8.0,6.0
68,03/30/2020,16.0,139.0,1.0,2.0,171.0,1182.0,9.0,8.0
69,03/31/2020,21.0,189.0,1.0,2.0,192.0,1371.0,10.0,10.0
70,04/01/2020,19.0,89.0,1.0,2.0,211.0,1460.0,11.0,12.0
71,04/02/2020,24.0,275.0,1.0,6.0,235.0,1735.0,12.0,18.0
72,04/03/2020,21.0,238.0,1.0,3.0,256.0,1973.0,13.0,21.0
73,04/04/2020,19.0,309.0,1.0,5.0,275.0,2282.0,14.0,26.0
74,04/05/2020,15.0,183.0,1.0,7.0,290.0,2465.0,15.0,33.0
75,04/06/2020,22.0,285.0,1.0,2.0,312.0,2750.0,16.0,35.0
76,04/07/2020,22.0,350.0,1.0,12.0,334.0,3100.0,17.0,47.0
77,04/08/2020,13.0,207.0,1.0,7.0,347.0,3307.0,18.0,54.0
78,04/09/2020,13.0,226.0,1.0,11.0,360.0,3533.0,19.0,65.0
79,04/10/2020,13.0,256.0,1.0,10.0,373.0,3789.0,20.0,75.0
80,04/11/2020,13.0,394.0,1.0,6.0,386.0,4183.0,21.0,81.0
81,04/12/2020,13.0,214.0,1.0,1.0,399.0,4397.0,22.0,82.0
82,04/13/2020,13.0,261.0,1.0,1.0,412.0,4658.0,23.0,83.0
83,04/14/2020,13.0,210.0,1.0,4.0,425.0,4868.0,24.0,87.0
84,04/15/2020,13.0,111.0,1.0,8.0,438.0,4979.0,25.0,95.0
85,04/16/2020,13.5,275.0,1.0,15.0,451.5,5254.0,26.0,110.0
86,04/17/2020,9.0,479.0,1.0,4.0,460.5,5733.0,27.0,114.0
87,04/18/2020,4.0,266.0,1.0,12.0,464.5,5999.0,28.0,126.0
88,04/19/2020,7.0,324.0,1.0,7.0,471.5,6323.0,29.0,133.0
89,04/20/2020,7.0,237.0,1.0,8.0,478.5,6560.0,30.0,141.0
90,04/21/2020,2.0,163.0,1.0,33.0,480.5,6723.0,31.0,174.0
91,04/22/2020,2.0,231.0,1.0,29.0,482.5,6954.0,32.0,203.0
92,04/23/2020,3.0,306.0,1.0,12.0,485.5,7260.0,33.0,215.0
93,04/24/2020,2.0,402.0,1.0,16.0,487.5,7662.0,34.0,231.0
94,04/25/2020,1.0,450.0,1.0,20.0,488.5,8112.0,35.0,251.0
95,04/26/2020,3.0,248.0,1.0,10.0,491.5,8360.0,36.0,261.0
96,04/27/2020,1.0,198.0,1.0,7.0,492.5,8558.0,37.0,268.0
97,04/28/2020,2.0,499.0,1.0,35.0,494.5,9057.0,38.0,303.0
98,04/29/2020,2.0,338.0,1.0,13.0,496.5,9395.0,39.0,316.0
99,04/30/2020,1.0,500.0,1.0,24.0,497.5,9895.0,40.0,340.0
100,05/01/2020,1.0,461.0,1.0,21.0,498.5,10356.0,41.0,361.0
101,05/02/2020,2.0,584.0,1.0,21.0,500.5,10940.0,42.0,382.0
102,05/03/2020,2.0,160.0,1.0,2.0,502.5,11100.0,43.0,384.0
103,05/04/2020,2.0,179.0,1.0,7.0,504.5,11279.0,44.0,391.0
104,05/05/2020,2.0,410.0,1.0,22.0,506.5,11689.0,45.0,413.0
105,05/06/2020,2.0,503.0,1.0,25.0,508.5,12192.0,46.0,438.0
106,05/07/2020,2.0,634.0,1.0,30.0,510.5,12826.0,47.0,468.0
107,05/08/2020,2.0,476.0,1.0,20.0,512.5,13302.0,48.0,488.0
108,05/09/2020,1.0,492.0,1.0,17.0,513.5,13794.0,49.0,505.0
109,05/10/2020,1.0,399.0,1.0,3.0,514.5,14193.0,50.0,508.0
110,05/11/2020,1.0,279.0,1.0,3.0,515.5,14472.0,51.0,511.0
111,05/12/2020,2.0,308.0,1.0,26.0,517.5,14780.0,52.0,537.0
112,05/13/2020,1.0,472.0,1.0,20.0,518.5,15252.0,53.0,557.0
113,05/14/2020,1.0,689.0,1.0,16.0,519.5,15941.0,54.0,573.0
114,05/15/2020,2.0,625.0,1.0,26.0,521.5,16566.0,55.0,599.0
115,05/16/2020,2.0,847.0,1.0,11.0,523.5,17413.0,56.0,610.0
116,05/17/2020,2.0,535.0,1.0,7.0,525.5,17948.0,57.0,617.0
117,05/18/2020,2.0,507.0,1.0,2.0,527.5,18455.0,58.0,619.0
118,05/19/2020,1.0,680.0,1.0,30.0,528.5,19135.0,59.0,649.0
119,05/20/2020,2.0,425.0,1.0,11.0,530.5,19560.0,60.0,660.0
120,05/21/2020,7.0,731.0,1.0,14.0,537.5,20291.0,61.0,674.0
121,05/22/2020,7.0,758.0,1.0,11.0,544.5,21049.0,62.0,685.0
122,05/23/2020,4.0,1102.0,1.0,9.0,548.5,22151.0,63.0,694.0
123,05/24/2020,4.0,496.0,1.0,7.0,552.5,22647.0,64.0,701.0
124,05/25/2020,4.0,719.0,1.0,10.0,556.5,23366.0,65.0,711.0
125,05/26/2020,4.0,182.0,1.0,12.0,560.5,23548.0,66.0,723.0
126,05/27/2020,2.0,511.0,1.0,29.0,562.5,24059.0,67.0,752.0
127,05/28/2020,4.0,786.0,1.0,29.0,566.5,24845.0,68.0,781.0
128,05/29/2020,8.0,1078.0,1.0,17.0,574.5,25923.0,69.0,798.0
129,05/30/2020,12.0,1182.0,1.0,21.0,586.5,27105.0,70.0,819.0
130,05/31/2020,10.0,1182.0,1.0,21.0,596.5,28287.0,71.0,840.0
131,06/01/2020,4.0,1582.0,1.0,21.0,600.5,29869.0,72.0,861.0
132,06/02/2020,4.0,624.0,1.0,23.0,604.5,30493.0,73.0,884.0
133,06/03/2020,2.0,895.0,1.0,18.0,606.5,31388.0,74.0,902.0
134,06/04/2020,14.0,1082.0,1.0,19.0,620.5,32470.0,75.0,921.0
135,06/05/2020,2.0,1395.0,1.0,7.0,622.5,33865.0,76.0,928.0
136,06/06/2020,1.0,1365.0,1.0,27.0,623.5,35230.0,77.0,955.0
137,06/07/2020,5.0,918.0,1.0,4.0,628.5,36148.0,78.0,959.0
138,06/08/2020,3.0,827.0,1.0,11.0,631.5,36975.0,79.0,970.0
139,06/09/2020,6.0,733.0,1.0,24.0,637.5,37708.0,80.0,994.0
140,06/10/2020,8.0,1078.0,1.0,17.0,645.5,38786.0,81.0,1011.0
141,06/11/2020,3.0,1305.0,1.0,17.0,648.5,40091.0,82.0,1028.0
142,06/12/2020,10.0,1772.0,1.0,28.0,658.5,41863.0,83.0,1056.0
143,06/13/2020,15.0,1570.0,1.0,13.0,673.5,43433.0,84.0,1069.0
144,06/14/2020,13.0,1293.0,1.0,5.0,686.5,44726.0,85.0,1074.0
145,06/15/2020,7.0,984.0,1.0,9.0,693.5,45710.0,86.0,1083.0
146,06/16/2020,6.0,782.0,1.0,35.0,699.5,46492.0,87.0,1118.0
147,06/17/2020,17.0,979.0,1.0,14.0,716.5,47471.0,88.0,1132.0
148,06/18/2020,6.0,1332.0,1.0,8.0,722.5,48803.0,89.0,1140.0
149,06/19/2020,11.0,1621.0,1.0,22.0,733.5,50424.0,90.0,1162.0
150,06/20/2020,30.0,1582.0,1.0,15.0,763.5,52006.0,91.0,1177.0
151,06/21/2020,19.0,1403.0,1.0,8.0,782.5,53409.0,92.0,1185.0
152,06/22/2020,16.0,802.0,1.0,3.0,798.5,54211.0,93.0,1188.0
153,06/23/2020,4.0,849.0,1.0,28.0,802.5,55060.0,94.0,1216.0
154,06/24/2020,41.0,1469.0,1.0,20.0,843.5,56529.0,95.0,1236.0
155,06/25/2020,37.0,1215.0,1.0,19.0,880.5,57744.0,96.0,1255.0
156,06/26/2020,30.0,1689.0,1.0,2.0,910.5,59433.0,97.0,1257.0
157,06/27/2020,23.0,1722.0,1.0,26.0,933.5,61155.0,98.0,1283.0
158,06/28/2020,11.0,1605.0,1.0,4.0,944.5,62760.0,99.0,1287.0
159,06/29/2020,56.0,1343.0,1.0,3.0,1000.5,64103.0,100.0,1290.0
160,06/30/2020,49.0,1185.0,1.0,18.0,1049.5,65288.0,101.0,1308.0
161,07/01/2020,26.0,1828.0,1.0,28.0,1075.5,67116.0,102.0,1336.0
162,07/02/2020,91.0,1641.0,1.0,18.0,1166.5,68757.0,103.0,1354.0
163,07/03/2020,45.0,2105.0,1.0,13.0,1211.5,70862.0,104.0,1367.0
164,07/04/2020,39.0,1410.0,1.0,7.0,1250.5,72272.0,105.0,1374.0
165,07/05/2020,45.0,1329.0,1.0,1.0,1295.5,73601.0,106.0,1375.0
166,07/06/2020,37.0,1545.0,1.0,2.0,1332.5,75146.0,107.0,1377.0
167,07/07/2020,80.0,1347.0,1.0,22.0,1412.5,76493.0,108.0,1399.0
168,07/08/2020,44.0,1435.0,1.0,20.0,1456.5,77928.0,109.0,1419.0
169,07/09/2020,96.0,2039.0,2.0,20.0,1552.5,79967.0,111.0,1439.0
170,07/10/2020,127.0,1982.0,3.0,18.0,1679.5,81949.0,114.0,1457.0
171,07/11/2020,85.0,2462.0,1.0,15.0,1764.5,84411.0,115.0,1472.0
172,07/12/2020,83.0,1908.0,1.0,10.0,1847.5,86319.0,116.0,1482.0
173,07/13/2020,85.0,1827.0,3.0,7.0,1932.5,88146.0,119.0,1489.0
174,07/14/2020,110.0,1956.0,2.0,15.0,2042.5,90102.0,121.0,1504.0
175,07/15/2020,17.0,1782.0,2.0,14.0,2059.5,91884.0,123.0,1518.0
176,07/16/2020,45.0,2160.0,1.0,14.0,2104.5,94044.0,124.0,1532.0
177,07/17/2020,137.0,2053.0,2.0,15.0,2241.5,96097.0,126.0,1547.0
178,07/18/2020,103.0,2479.0,2.0,23.0,2344.5,98576.0,128.0,1570.0
179,07/19/2020,61.0,1820.0,2.0,5.0,2405.5,100396.0,130.0,1575.0
180,07/20/2020,89.0,1268.0,2.0,8.0,2494.5,101664.0,132.0,1583.0
181,07/21/2020,91.0,1815.0,1.0,26.0,2585.5,103479.0,133.0,1609.0
182,07/22/2020,101.0,2133.0,2.0,30.0,2686.5,105612.0,135.0,1639.0
183,07/23/2020,97.0,1747.0,1.0,28.0,2783.5,107359.0,136.0,1667.0
184,07/24/2020,129.0,2245.0,3.0,20.0,2912.5,109604.0,139.0,1687.0
185,07/25/2020,221.0,2106.0,3.0,32.0,3133.5,111710.0,142.0,1719.0
186,07/26/2020,82.0,1621.0,3.0,7.0,3215.5,113331.0,145.0,1726.0
187,07/27/2020,39.0,1621.0,1.0,5.0,3254.5,114952.0,146.0,1731.0
188,07/28/2020,94.0,1752.0,4.0,30.0,3348.5,116704.0,150.0,1761.0
189,07/29/2020,201.0,1750.0,3.0,45.0,3549.5,118454.0,153.0,1806.0
190,07/30/2020,138.0,2356.0,1.0,38.0,3687.5,120810.0,154.0,1844.0
191,07/31/2020,209.0,1955.0,5.0,21.0,3896.5,122765.0,159.0,1865.0
192,08/01/2020,58.0,1730.0,1.0,40.0,3954.5,124495.0,160.0,1905.0
193,08/02/2020,112.0,1337.0,1.0,5.0,4066.5,125832.0,161.0,1910.0
194,08/03/2020,40.0,1318.0,3.0,13.0,4106.5,127150.0,164.0,1923.0
195,08/04/2020,81.0,1629.0,3.0,28.0,4187.5,128779.0,167.0,1951.0
196,08/05/2020,115.0,1125.0,1.0,40.0,4302.5,129904.0,168.0,1991.0
197,08/06/2020,173.0,1981.0,1.0,42.0,4475.5,131885.0,169.0,2033.0
198,08/07/2020,155.0,1542.0,5.0,42.0,4630.5,133427.0,174.0,2075.0
199,08/08/2020,132.0,1957.0,5.0,26.0,4762.5,135384.0,179.0,2101.0
200,08/09/2020,63.0,1452.0,5.0,8.0,4825.5,136836.0,184.0,2109.0
201,08/10/2020,65.0,621.0,5.0,4.0,4890.5,137457.0,189.0,2113.0
202,08/11/2020,87.0,1053.0,2.0,32.0,4977.5,138510.0,191.0,2145.0
203,08/12/2020,164.0,1166.0,3.0,32.0,5141.5,139676.0,194.0,2177.0
204,08/13/2020,139.0,2932.0,1.0,83.0,5280.5,142608.0,195.0,2260.0
205,08/14/2020,134.0,1346.0,1.0,26.0,5414.5,143954.0,196.0,2286.0
206,08/15/2020,117.0,1534.0,1.0,30.0,5531.5,145488.0,197.0,2316.0
207,08/16/2020,92.0,1248.0,1.0,4.0,5623.5,146736.0,198.0,2320.0
208,08/17/2020,42.0,564.0,1.0,1.0,5665.5,147300.0,199.0,2321.0
209,08/18/2020,54.0,1263.0,2.0,48.0,5719.5,148563.0,201.0,2369.0
210,08/19/2020,110.0,1146.0,2.0,35.0,5829.5,149709.0,203.0,2404.0
211,08/20/2020,116.0,1979.0,5.0,34.0,5945.5,151688.0,208.0,2438.0
212,08/21/2020,144.0,2006.0,5.0,29.0,6089.5,153694.0,213.0,2467.0
213,08/22/2020,160.0,1730.0,1.0,27.0,6249.5,155424.0,214.0,2494.0
214,08/23/2020,53.0,1473.0,1.0,10.0,6302.5,156897.0,215.0,2504.0
215,08/24/2020,60.0,1283.0,1.0,4.0,6362.5,158180.0,216.0,2508.0
216,08/25/2020,135.0,1345.0,6.0,35.0,6497.5,159525.0,222.0,2543.0
217,08/26/2020,161.0,1244.0,1.0,36.0,6658.5,160769.0,223.0,2579.0
218,08/27/2020,144.0,2091.0,1.0,24.0,6802.5,162860.0,224.0,2603.0
219,08/28/2020,134.0,1415.0,2.0,22.0,6936.5,164275.0,226.0,2625.0
220,08/29/2020,188.0,1314.0,4.0,31.0,7124.5,165589.0,230.0,2656.0
221,08/30/2020,89.0,1051.0,4.0,9.0,7213.5,166640.0,234.0,2665.0
222,08/31/2020,81.0,1182.0,4.0,10.0,7294.5,167822.0,238.0,2675.0
223,09/01/2020,88.0,2115.0,1.0,39.0,7382.5,169937.0,239.0,2714.0
224,09/02/2020,182.0,1129.0,4.0,38.0,7564.5,171066.0,243.0,2752.0
225,09/03/2020,180.0,1648.0,2.0,24.0,7744.5,172714.0,245.0,2776.0
226,09/04/2020,148.0,1648.0,3.0,24.0,7892.5,174362.0,248.0,2800.0
227,09/05/2020,145.0,1314.0,2.0,28.0,8037.5,175676.0,250.0,2828.0
228,09/06/2020,100.0,1086.0,1.0,1.0,8137.5,176762.0,251.0,2829.0
229,09/07/2020,52.0,1018.0,1.0,7.0,8189.5,177780.0,252.0,2836.0
230,09/08/2020,65.0,716.0,1.0,12.0,8254.5,178496.0,253.0,2848.0
231,09/09/2020,87.0,897.0,3.0,49.0,8341.5,179393.0,256.0,2897.0
232,09/10/2020,195.0,1222.0,1.0,32.0,8536.5,180615.0,257.0,2929.0
233,09/11/2020,122.0,1532.0,8.0,33.0,8658.5,182147.0,265.0,2962.0
234,09/12/2020,140.0,1452.0,2.0,24.0,8798.5,183599.0,267.0,2986.0
235,09/13/2020,96.0,1198.0,2.0,5.0,8894.5,184797.0,269.0,2991.0
236,09/14/2020,86.0,844.0,3.0,8.0,8980.5,185641.0,272.0,2999.0
237,09/15/2020,137.0,1107.0,2.0,51.0,9117.5,186748.0,274.0,3050.0
238,09/16/2020,187.0,1137.0,1.0,38.0,9304.5,187885.0,275.0,3088.0
239,09/17/2020,216.0,1552.0,2.0,31.0,9520.5,189437.0,277.0,3119.0
240,09/18/2020,224.0,1397.0,3.0,27.0,9744.5,190834.0,280.0,3146.0
241,09/19/2020,292.0,1274.0,3.0,28.0,10036.5,192108.0,283.0,3174.0
242,09/20/2020,136.0,1300.0,1.0,8.0,10172.5,193408.0,284.0,3182.0
243,09/21/2020,130.0,808.0,3.0,4.0,10302.5,194216.0,287.0,3186.0
244,09/22/2020,271.0,1193.0,3.0,39.0,10573.5,195409.0,290.0,3225.0
245,09/23/2020,212.0,952.0,2.0,30.0,10785.5,196361.0,292.0,3255.0
246,09/24/2020,330.0,1687.0,2.0,40.0,11115.5,198048.0,294.0,3295.0
247,09/25/2020,322.0,1714.5,5.0,53.0,11437.5,199762.5,299.0,3348.0
248,09/26/2020,343.0,1730.0,1.0,31.0,11780.5,201492.5,300.0,3379.0
249,09/27/2020,200.0,1289.0,2.0,1.0,11980.5,202781.5,302.0,3380.0
250,09/28/2020,306.0,877.0,1.0,4.0,12286.5,203658.5,303.0,3384.0
251,09/29/2020,311.0,910.0,3.0,49.0,12597.5,204568.5,306.0,3433.0
252,09/30/2020,347.0,1496.0,3.0,38.0,12944.5,206064.5,309.0,3471.0
253,10/01/2020,429.0,2263.0,1.0,47.0,13373.5,208327.5,310.0,3518.0
254,10/02/2020,355.0,1789.0,5.0,29.0,13728.5,210116.5,315.0,3547.0
255,10/03/2020,501.0,2202.0,5.0,21.0,14229.5,212318.5,320.0,3568.0
256,10/04/2020,279.0,610.0,1.0,5.0,14508.5,212928.5,321.0,3573.0
257,10/05/2020,212.0,2232.0,3.0,3.0,14720.5,215160.5,324.0,3576.0
258,10/06/2020,500.0,1530.0,2.0,33.0,15220.5,216690.5,326.0,3609.0
259,10/07/2020,716.0,1711.0,1.0,23.0,15936.5,218401.5,327.0,3632.0
260,10/08/2020,614.0,2428.0,4.0,29.0,16550.5,220829.5,331.0,3661.0
261,10/09/2020,722.0,2034.0,9.0,25.0,17272.5,222863.5,340.0,3686.0
262,10/10/2020,718.0,2321.0,3.0,18.0,17990.5,225184.5,343.0,3704.0
263,10/11/2020,585.0,1718.0,1.0,5.0,18575.5,226902.5,344.0,3709.0
264,10/12/2020,423.0,1275.0,2.0,3.0,18998.5,228177.5,346.0,3712.0
265,10/13/2020,486.0,1736.0,5.0,43.0,19484.5,229913.5,351.0,3755.0
266,10/14/2020,599.0,1926.0,8.0,40.0,20083.5,231839.5,359.0,3795.0
267,10/15/2020,723.0,2532.0,5.0,18.0,20806.5,234371.5,364.0,3813.0
268,10/16/2020,662.0,2684.0,5.0,36.0,21468.5,237055.5,369.0,3849.0
269,10/17/2020,638.0,2102.0,5.0,19.0,22106.5,239157.5,374.0,3868.0
270,10/18/2020,588.0,2303.0,1.0,5.0,22694.5,241460.5,375.0,3873.0
271,10/19/2020,569.0,1144.0,1.0,5.0,23263.5,242604.5,376.0,3878.0
272,10/20/2020,703.0,1578.0,11.0,53.0,23966.5,244182.5,387.0,3931.0
273,10/21/2020,619.0,1578.0,23.0,53.0,24585.5,245760.5,410.0,3984.0
274,10/22/2020,928.0,4242.0,3.0,90.0,25513.5,250002.5,413.0,4074.0
275,10/23/2020,863.0,3292.0,4.0,42.0,26376.5,253294.5,417.0,4116.0
276,10/24/2020,639.0,2662.0,12.0,21.0,27015.5,255956.5,429.0,4137.0
277,10/25/2020,738.0,2662.0,3.0,21.0,27753.5,258618.5,432.0,4158.0
278,10/26/2020,612.0,2649.0,5.0,175.0,28365.5,261267.5,437.0,4333.0
279,10/27/2020,843.0,2649.0,2.0,175.0,29208.5,263916.5,439.0,4508.0
280,10/28/2020,632.0,2884.0,20.0,175.0,29840.5,266800.5,459.0,4683.0
281,10/29/2020,887.0,2884.0,12.0,175.0,30727.5,269684.5,471.0,4858.0
282,10/30/2020,1062.0,2804.0,7.0,175.0,31789.5,272488.5,478.0,5033.0
283,10/31/2020,851.0,2057.0,12.0,175.0,32640.5,274545.5,490.0,5208.0
284,11/01/2020,689.0,1333.0,1.0,175.0,33329.5,275878.5,491.0,5383.0
285,11/02/2020,749.0,2157.0,10.0,175.0,34078.5,278035.5,501.0,5558.0
286,11/03/2020,903.0,2662.0,13.0,288.0,34981.5,280697.5,514.0,5846.0
287,11/04/2020,793.0,2466.0,5.0,50.0,35774.5,283163.5,519.0,5896.0
288,11/05/2020,977.0,2857.0,3.0,43.0,36751.5,286020.5,522.0,5939.0
289,11/06/2020,928.0,2675.0,12.0,43.0,37679.5,288695.5,534.0,5982.0
290,11/07/2020,969.0,2098.0,7.0,43.0,38648.5,290793.5,541.0,6025.0
291,11/08/2020,776.0,1515.0,11.0,43.0,39424.5,292308.5,552.0,6068.0
292,11/09/2020,420.0,2907.0,1.0,66.0,39844.5,295215.5,553.0,6134.0
293,11/10/2020,1096.0,3119.0,5.0,24.0,40940.5,298334.5,558.0,6158.0
294,11/11/2020,923.0,2588.0,10.0,58.0,41863.5,300922.5,568.0,6216.0
295,11/12/2020,946.0,781.0,8.0,58.0,42809.5,301703.5,576.0,6274.0
296,11/13/2020,1177.0,3891.0,6.0,23.0,43986.5,305594.5,582.0,6297.0
297,11/14/2020,857.0,3117.0,7.0,23.0,44843.5,308711.5,589.0,6320.0
298,11/15/2020,1266.0,1972.0,6.0,23.0,46109.5,310683.5,595.0,6343.0
299,11/16/2020,869.0,3284.0,3.0,23.0,46978.5,313967.5,598.0,6366.0
300,11/17/2020,1374.0,3349.0,22.0,23.0,48352.5,317316.5,620.0,6389.0
301,11/18/2020,1184.0,3903.0,18.0,179.0,49536.5,321219.5,638.0,6568.0
302,11/19/2020,1228.0,4101.0,18.0,179.0,50764.5,325320.5,656.0,6747.0
303,11/20/2020,1473.0,3113.0,5.0,179.0,52237.5,328433.5,661.0,6926.0
304,11/21/2020,1256.0,3800.0,33.0,107.0,53493.5,332233.5,694.0,7033.0
305,11/22/2020,1141.0,2426.0,3.0,107.0,54634.5,334659.5,697.0,7140.0
306,11/23/2020,700.0,4891.0,10.0,34.0,55334.5,339550.5,707.0,7174.0
307,11/24/2020,1121.0,4219.0,17.0,34.0,56455.5,343769.5,724.0,7208.0
308,11/25/2020,879.5,3098.0,21.0,99.0,57335.0,346867.5,745.0,7307.0
309,11/26/2020,879.5,4005.0,6.0,99.0,58214.5,350872.5,751.0,7406.0
310,11/27/2020,182.0,3441.0,1.0,99.0,58396.5,354313.5,752.0,7505.0
311,11/28/2020,1051.0,3822.0,13.0,99.0,59447.5,358135.5,765.0,7604.0
312,11/29/2020,953.0,2733.0,2.0,99.0,60400.5,360868.5,767.0,7703.0
313,11/30/2020,400.0,3998.0,9.0,123.0,60800.5,364866.5,776.0,7826.0
314,12/01/2020,1006.0,4196.0,18.0,123.0,61806.5,369062.5,794.0,7949.0
315,12/02/2020,1135.0,5489.0,15.0,123.0,62941.5,374551.5,809.0,8072.0
316,12/03/2020,782.0,2881.0,9.0,149.0,63723.5,377432.5,818.0,8221.0
317,12/04/2020,1314.0,5609.0,4.0,149.0,65037.5,383041.5,822.0,8370.0
318,12/05/2020,631.0,5872.0,7.0,105.0,65668.5,388913.5,829.0,8475.0
319,12/06/2020,806.0,6432.0,2.0,26.0,66474.5,395345.5,831.0,8501.0
320,12/07/2020,714.0,5046.0,6.0,16.0,67188.5,400391.5,837.0,8517.0
321,12/08/2020,756.0,4002.0,21.0,45.0,67944.5,404393.5,858.0,8562.0
322,12/09/2020,777.0,6495.0,8.0,55.0,68721.5,410888.5,866.0,8617.0
323,12/10/2020,747.0,5556.0,11.0,55.0,69468.5,416444.5,877.0,8672.0
324,12/11/2020,968.0,7539.0,24.0,38.0,70436.5,423983.5,901.0,8710.0
325,12/12/2020,754.0,6154.0,11.0,43.0,71190.5,430137.5,912.0,8753.0
326,12/13/2020,686.0,6819.0,2.0,28.0,71876.5,436956.5,914.0,8781.0
327,12/14/2020,726.0,4766.0,2.0,31.0,72602.5,441722.5,916.0,8812.0
328,12/15/2020,766.0,5240.0,8.0,29.0,73368.5,446962.5,924.0,8841.0
329,12/16/2020,605.0,5273.0,10.0,98.0,73973.5,452235.5,934.0,8939.0
330,12/17/2020,829.0,4853.0,13.0,80.0,74802.5,457088.5,947.0,9019.0
331,12/18/2020,475.0,9349.0,5.0,59.0,75277.5,466437.5,952.0,9078.0
332,12/19/2020,663.0,6192.0,10.0,64.0,75940.5,472629.5,962.0,9142.0
333,12/20/2020,462.0,6898.0,1.0,42.0,76402.5,479527.5,963.0,9184.0
334,12/21/2020,240.0,5258.0,16.0,42.0,76642.5,484785.5,979.0,9226.0
335,12/22/2020,614.0,5609.0,13.0,42.0,77256.5,490394.5,992.0,9268.0
336,12/23/2020,566.0,5609.0,19.0,42.0,77822.5,496003.5,1011.0,9310.0
337,12/24/2020,403.0,5609.0,3.0,42.0,78225.5,501612.5,1014.0,9352.0
338,12/25/2020,403.0,5609.0,3.0,42.0,78628.5,507221.5,1017.0,9394.0
339,12/26/2020,494.0,5609.0,3.0,42.0,79122.5,512830.5,1020.0,9436.0
340,12/27/2020,389.0,5609.0,5.0,42.0,79511.5,518439.5,1025.0,9478.0
341,12/28/2020,218.0,6580.0,3.0,61.5,79729.5,525019.5,1028.0,9539.5
342,12/29/2020,429.0,1550.0,12.0,61.5,80158.5,526569.5,1040.0,9601.0
343,12/30/2020,872.0,8475.0,10.0,194.0,81030.5,535044.5,1050.0,9795.0
344,12/31/2020,255.0,6673.0,11.0,19.0,81285.5,541717.5,1061.0,9814.0
345,01/01/2021,255.0,6673.0,11.0,81.5,81540.5,548390.5,1072.0,9895.5
346,01/02/2021,383.0,6580.0,11.0,144.0,81923.5,554970.5,1083.0,10039.5
347,01/03/2021,428.0,6487.0,1.0,18.0,82351.5,561457.5,1084.0,10057.5
348,01/04/2021,283.0,5184.0,3.0,31.0,82634.5,566641.5,1087.0,10088.5
349,01/05/2021,731.0,5288.0,9.5,55.0,83365.5,571929.5,1096.5,10143.5
350,01/06/2021,674.0,6952.0,11.0,81.0,84039.5,578881.5,1107.5,10224.5
351,01/07/2021,689.0,10398.0,22.0,137.0,84728.5,589279.5,1129.5,10361.5
352,01/08/2021,789.0,10028.0,12.0,114.0,85517.5,599307.5,1141.5,10475.5
353,01/09/2021,572.0,11581.0,4.0,98.0,86089.5,610888.5,1145.5,10573.5
354,01/10/2021,222.0,8833.0,2.0,141.0,86311.5,619721.5,1147.5,10714.5
355,01/11/2021,329.0,5936.0,1.0,11.0,86640.5,625657.5,1148.5,10725.5
356,01/12/2021,424.0,6842.0,10.0,59.0,87064.5,632499.5,1158.5,10784.5
357,01/13/2021,576.0,5107.0,3.0,109.0,87640.5,637606.5,1161.5,10893.5
358,01/14/2021,457.0,9853.0,8.0,78.0,88097.5,647459.5,1169.5,10971.5
359,01/15/2021,525.0,8914.0,9.0,108.0,88622.5,656373.5,1178.5,11079.5
360,01/16/2021,421.0,7986.0,2.0,84.0,89043.5,664359.5,1180.5,11163.5
361,01/17/2021,335.0,10744.0,4.0,67.0,89378.5,675103.5,1184.5,11230.5
362,01/18/2021,183.0,10744.0,4.0,67.0,89561.5,685847.5,1188.5,11297.5
363,01/19/2021,288.0,5927.0,4.0,56.0,89849.5,691774.5,1192.5,11353.5
364,01/20/2021,393.0,6414.0,1.0,61.0,90242.5,698188.5,1193.5,11414.5
365,01/21/2021,393.0,7188.0,6.0,139.0,90635.5,705376.5,1199.5,11553.5
366,01/22/2021,400.0,7436.0,5.0,125.0,91035.5,712812.5,1204.5,11678.5
367,01/23/2021,362.0,7181.0,5.0,122.0,91397.5,719993.5,1209.5,11800.5
368,01/24/2021,241.0,6096.0,9.0,109.0,91638.5,726089.5,1218.5,11909.5
369,01/25/2021,157.0,4633.0,1.0,25.0,91795.5,730722.5,1219.5,11934.5
370,01/26/2021,349.0,3967.0,5.0,56.0,92144.5,734689.5,1224.5,11990.5
371,01/27/2021,373.0,5597.0,16.0,140.0,92517.5,740286.5,1240.5,12130.5
372,01/28/2021,390.0,6491.0,9.0,131.0,92907.5,746777.5,1249.5,12261.5
373,01/29/2021,325.0,6959.0,17.0,110.0,93232.5,753736.5,1266.5,12371.5
374,01/30/2021,517.0,6168.0,5.0,131.0,93749.5,759904.5,1271.5,12502.5
375,01/31/2021,187.0,5005.0,1.0,46.0,93936.5,764909.5,1272.5,12548.5
376,02/01/2021,121.0,3670.0,8.0,9.0,94057.5,768579.5,1280.5,12557.5
377,02/02/2021,314.0,2926.0,15.0,67.0,94371.5,771505.5,1295.5,12624.5
378,02/03/2021,426.0,5515.5,5.0,169.0,94797.5,777021.0,1300.5,12793.5
379,02/04/2021,301.0,5484.0,5.0,150.0,95098.5,782505.0,1305.5,12943.5
380,02/05/2021,347.0,5547.0,5.0,113.0,95445.5,788052.0,1310.5,13056.5
381,02/06/2021,260.0,4172.0,5.0,85.0,95705.5,792224.0,1315.5,13141.5
382,02/07/2021,77.0,4655.0,2.0,57.0,95782.5,796879.0,1317.5,13198.5
383,02/08/2021,119.0,3103.0,2.0,8.0,95901.5,799982.0,1319.5,13206.5
384,02/09/2021,375.0,2790.0,2.0,55.0,96276.5,802772.0,1321.5,13261.5
385,02/10/2021,307.0,3833.0,6.0,135.0,96583.5,806605.0,1327.5,13396.5
386,02/11/2021,247.0,4564.0,6.0,113.0,96830.5,811169.0,1333.5,13509.5
387,02/12/2021,220.0,4139.0,4.0,83.0,97050.5,815308.0,1337.5,13592.5
388,02/13/2021,234.0,4119.0,3.0,76.0,97284.5,819427.0,1340.5,13668.5
389,02/14/2021,110.0,3178.0,3.0,40.0,97394.5,822605.0,1343.5,13708.5
390,02/15/2021,134.0,2450.0,1.0,10.0,97528.5,825055.0,1344.5,13718.5
391,02/16/2021,127.0,1999.0,3.0,60.0,97655.5,827054.0,1347.5,13778.5
392,02/17/2021,235.0,3167.0,2.0,40.5,97890.5,830221.0,1349.5,13819.0
393,02/18/2021,206.0,3918.0,3.0,40.5,98096.5,834139.0,1352.5,13859.5
394,02/19/2021,273.0,3224.0,2.0,54.0,98369.5,837363.0,1354.5,13913.5
395,02/20/2021,269.0,3436.0,1.0,76.0,98638.5,840799.0,1355.5,13989.5
396,02/21/2021,135.0,2558.0,1.0,30.0,98773.5,843357.0,1356.5,14019.5
397,02/22/2021,33.0,2118.0,1.0,8.0,98806.5,845475.0,1357.5,14027.5
398,02/23/2021,224.0,1536.0,5.0,32.0,99030.5,847011.0,1362.5,14059.5
399,02/24/2021,202.0,3335.0,2.0,40.5,99232.5,850346.0,1364.5,14100.0
400,02/25/2021,203.0,3346.0,2.0,62.0,99435.5,853692.0,1366.5,14162.0
401,02/26/2021,167.0,2926.0,4.0,49.0,99602.5,856618.0,1370.5,14211.0
402,02/27/2021,225.0,2645.0,2.0,27.0,99827.5,859263.0,1372.5,14238.0
403,02/28/2021,117.0,2645.0,1.0,27.0,99944.5,861908.0,1373.5,14265.0
404,03/01/2021,50.0,3614.0,1.0,43.0,99994.5,865522.0,1374.5,14308.0
405,03/02/2021,155.0,1249.0,2.0,34.0,100149.5,866771.0,1376.5,14342.0
406,03/03/2021,194.0,2142.0,1.0,76.0,100343.5,868913.0,1377.5,14418.0
407,03/04/2021,178.0,2491.0,2.0,37.0,100521.5,871404.0,1379.5,14455.0
408,03/05/2021,136.0,2103.0,4.0,45.0,100657.5,873507.0,1383.5,14500.0
409,03/06/2021,181.0,2029.0,1.0,55.0,100838.5,875536.0,1384.5,14555.0
410,03/07/2021,72.0,2029.0,1.0,55.0,100910.5,877565.0,1385.5,14610.0
411,03/08/2021,44.0,2724.0,1.0,33.0,100954.5,880289.0,1386.5,14643.0
412,03/09/2021,134.0,1003.0,5.0,17.0,101088.5,881292.0,1391.5,14660.0
413,03/10/2021,148.0,1879.0,2.0,47.0,101236.5,883171.0,1393.5,14707.0
414,03/11/2021,179.0,2063.0,4.0,28.0,101415.5,885234.0,1397.5,14735.0
415,03/12/2021,133.0,2017.0,1.0,39.0,101548.5,887251.0,1398.5,14774.0
416,03/13/2021,172.0,2017.0,1.0,39.0,101720.5,889268.0,1399.5,14813.0
417,03/14/2021,52.0,4344.0,1.0,42.0,101772.5,893612.0,1400.5,14855.0
418,03/15/2021,162.0,2296.0,1.0,5.0,101934.5,895908.0,1401.5,14860.0
419,03/16/2021,164.5,1098.0,3.0,14.0,102099.0,897006.0,1404.5,14874.0
420,03/17/2021,139.0,1991.0,3.0,35.0,102238.0,898997.0,1407.5,14909.0
421,03/18/2021,142.0,1992.0,9.0,26.0,102380.0,900989.0,1416.5,14935.0
422,03/19/2021,150.0,1934.0,3.0,21.0,102530.0,902923.0,1419.5,14956.0
423,03/20/2021,190.0,2015.0,6.0,16.0,102720.0,904938.0,1425.5,14972.0
424,03/21/2021,93.0,2025.0,6.0,1.0,102813.0,906963.0,1431.5,14973.0
425,03/22/2021,65.0,2025.0,6.0,16.0,102878.0,908988.0,1437.5,14989.0
426,03/23/2021,149.5,2025.0,5.0,17.0,103027.5,911013.0,1442.5,15006.0
427,03/24/2021,209.0,2082.0,11.0,40.0,103236.5,913095.0,1453.5,15046.0
428,03/25/2021,170.0,2129.0,5.0,23.0,103406.5,915224.0,1458.5,15069.0
429,03/26/2021,149.0,2137.0,5.0,41.0,103555.5,917361.0,1463.5,15110.0
430,03/27/2021,118.0,2137.0,1.0,41.0,103673.5,919498.0,1464.5,15151.0
431,03/28/2021,31.0,2137.0,1.0,41.0,103704.5,921635.0,1465.5,15192.0
432,03/29/2021,38.0,2025.0,1.0,58.0,103742.5,923660.0,1466.5,15250.0
433,03/30/2021,156.0,2025.0,1.0,2.0,103898.5,925685.0,1467.5,15252.0
434,03/31/2021,221.0,1929.0,1.0,25.0,104119.5,927614.0,1468.5,15277.0
435,04/01/2021,185.0,2025.0,1.0,21.0,104304.5,929639.0,1469.5,15298.0
436,04/02/2021,125.0,2025.0,5.0,21.0,104429.5,931664.0,1474.5,15319.0
437,04/03/2021,180.0,2025.0,12.0,21.0,104609.5,933689.0,1486.5,15340.0
